{
    "name": "root",
    "metadata": {
        "timer_format_version": "0.1.0",
        "start_time_seconds": "1656855489",
        "python_version": "3.9.7 (tags/v3.9.7:1016ef3, Aug 30 2021, 20:19:38) [MSC v.1929 64 bit (AMD64)]",
        "command_line_arguments": "C:\\Users\\fnord\\AppData\\Local\\Programs\\Python\\Python39\\Scripts\\mlagents-learn --force",
        "mlagents_version": "0.28.0",
        "mlagents_envs_version": "0.28.0",
        "communication_protocol_version": "1.5.0",
        "pytorch_version": "1.7.1+cu110",
        "numpy_version": "1.23.0",
        "end_time_seconds": "1656855615"
    },
    "total": 125.7190011,
    "count": 1,
    "self": 0.004851099999996222,
    "children": {
        "run_training.setup": {
            "total": 0.13094059999999996,
            "count": 1,
            "self": 0.13094059999999996
        },
        "TrainerController.start_learning": {
            "total": 125.5832094,
            "count": 1,
            "self": 0.12707470000006538,
            "children": {
                "TrainerController._reset_env": {
                    "total": 7.8009034,
                    "count": 1,
                    "self": 7.8009034
                },
                "TrainerController.advance": {
                    "total": 117.52366869999994,
                    "count": 8040,
                    "self": 0.11599069999986966,
                    "children": {
                        "env_step": {
                            "total": 116.6454344,
                            "count": 8040,
                            "self": 102.6591162999997,
                            "children": {
                                "SubprocessEnvManager._take_step": {
                                    "total": 13.910183600000058,
                                    "count": 8040,
                                    "self": 0.3699498000002368,
                                    "children": {
                                        "TorchPolicy.evaluate": {
                                            "total": 13.540233799999822,
                                            "count": 7981,
                                            "self": 6.965824899999667,
                                            "children": {
                                                "TorchPolicy.sample_actions": {
                                                    "total": 6.574408900000154,
                                                    "count": 7981,
                                                    "self": 6.574408900000154
                                                }
                                            }
                                        }
                                    }
                                },
                                "workers": {
                                    "total": 0.07613450000025068,
                                    "count": 8039,
                                    "self": 0.0,
                                    "children": {
                                        "worker_root": {
                                            "total": 58.5521938000003,
                                            "count": 8039,
                                            "is_parallel": true,
                                            "self": 22.687695800000512,
                                            "children": {
                                                "steps_from_proto": {
                                                    "total": 0.001173099999999927,
                                                    "count": 1,
                                                    "is_parallel": true,
                                                    "self": 9.939999999986071e-05,
                                                    "children": {
                                                        "_process_rank_one_or_two_observation": {
                                                            "total": 0.0010737000000000663,
                                                            "count": 2,
                                                            "is_parallel": true,
                                                            "self": 0.0010737000000000663
                                                        }
                                                    }
                                                },
                                                "UnityEnvironment.step": {
                                                    "total": 35.86332489999979,
                                                    "count": 8039,
                                                    "is_parallel": true,
                                                    "self": 0.45825249999993645,
                                                    "children": {
                                                        "UnityEnvironment._generate_step_input": {
                                                            "total": 0.36607850000024555,
                                                            "count": 8039,
                                                            "is_parallel": true,
                                                            "self": 0.36607850000024555
                                                        },
                                                        "communicator.exchange": {
                                                            "total": 33.90139619999989,
                                                            "count": 8039,
                                                            "is_parallel": true,
                                                            "self": 33.90139619999989
                                                        },
                                                        "steps_from_proto": {
                                                            "total": 1.13759769999972,
                                                            "count": 8039,
                                                            "is_parallel": true,
                                                            "self": 0.595970499999817,
                                                            "children": {
                                                                "_process_rank_one_or_two_observation": {
                                                                    "total": 0.5416271999999029,
                                                                    "count": 16078,
                                                                    "is_parallel": true,
                                                                    "self": 0.5416271999999029
                                                                }
                                                            }
                                                        }
                                                    }
                                                }
                                            }
                                        }
                                    }
                                }
                            }
                        },
                        "trainer_advance": {
                            "total": 0.7622436000000778,
                            "count": 8039,
                            "self": 0.14254480000009195,
                            "children": {
                                "process_trajectory": {
                                    "total": 0.6196987999999859,
                                    "count": 8039,
                                    "self": 0.6196987999999859
                                }
                            }
                        }
                    }
                },